FirstName_0,LastName_0,email_0@gmail.com,0,0,20-1-0
FirstName_1,LastName_1,email_1@gmail.com,1,1,20-1-1
FirstName_2,LastName_2,email_2@gmail.com,2,2,20-1-2
FirstName_3,LastName_3,email_3@gmail.com,3,3,20-1-3
FirstName_4,LastName_4,email_4@gmail.com,4,4,20-1-4
FirstName_5,LastName_5,email_5@gmail.com,5,5,20-1-5
FirstName_6,LastName_6,email_6@gmail.com,6,6,20-1-6
FirstName_7,LastName_7,email_7@gmail.com,7,7,20-1-7
FirstName_8,LastName_8,email_8@gmail.com,8,8,20-1-8
FirstName_9,LastName_9,email_9@gmail.com,9,9,20-1-9
FirstName_10,LastName_10,email_10@gmail.com,10,10,20-1-10
FirstName_11,LastName_11,email_11@gmail.com,11,11,20-1-11
FirstName_12,LastName_12,email_12@gmail.com,12,12,20-1-12
FirstName_13,LastName_13,email_13@gmail.com,13,13,20-1-13
FirstName_14,LastName_14,email_14@gmail.com,14,14,20-1-14
FirstName_15,LastName_15,email_15@gmail.com,15,15,20-1-15
FirstName_16,LastName_16,email_16@gmail.com,16,16,20-1-16
FirstName_17,LastName_17,email_17@gmail.com,17,17,20-1-17
FirstName_18,LastName_18,email_18@gmail.com,18,18,20-1-18
FirstName_19,LastName_19,email_19@gmail.com,19,19,20-1-19
FirstName_20,LastName_20,email_20@gmail.com,20,20,20-1-20
FirstName_21,LastName_21,email_21@gmail.com,21,21,20-1-21
FirstName_22,LastName_22,email_22@gmail.com,22,22,20-1-22
FirstName_23,LastName_23,email_23@gmail.com,23,23,20-1-23
FirstName_24,LastName_24,email_24@gmail.com,24,24,20-1-24
FirstName_25,LastName_25,email_25@gmail.com,25,25,20-1-25
FirstName_26,LastName_26,email_26@gmail.com,26,26,20-1-26
FirstName_27,LastName_27,email_27@gmail.com,27,27,20-1-27
FirstName_28,LastName_28,email_28@gmail.com,28,28,20-1-28
FirstName_29,LastName_29,email_29@gmail.com,29,29,20-1-29
FirstName_30,LastName_30,email_30@gmail.com,30,30,20-1-30
FirstName_31,LastName_31,email_31@gmail.com,31,31,20-1-31
FirstName_32,LastName_32,email_32@gmail.com,32,32,20-1-32
FirstName_33,LastName_33,email_33@gmail.com,33,33,20-1-33
FirstName_34,LastName_34,email_34@gmail.com,34,34,20-1-34
FirstName_35,LastName_35,email_35@gmail.com,35,35,20-1-35
FirstName_36,LastName_36,email_36@gmail.com,36,36,20-1-36
FirstName_37,LastName_37,email_37@gmail.com,37,37,20-1-37
FirstName_38,LastName_38,email_38@gmail.com,38,38,20-1-38
FirstName_39,LastName_39,email_39@gmail.com,39,39,20-1-39
FirstName_40,LastName_40,email_40@gmail.com,40,40,20-1-40
FirstName_41,LastName_41,email_41@gmail.com,41,41,20-1-41
FirstName_42,LastName_42,email_42@gmail.com,42,42,20-1-42
FirstName_43,LastName_43,email_43@gmail.com,43,43,20-1-43
FirstName_44,LastName_44,email_44@gmail.com,44,44,20-1-44
FirstName_45,LastName_45,email_45@gmail.com,45,45,20-1-45
FirstName_46,LastName_46,email_46@gmail.com,46,46,20-1-46
FirstName_47,LastName_47,email_47@gmail.com,47,47,20-1-47
FirstName_48,LastName_48,email_48@gmail.com,48,48,20-1-48
FirstName_49,LastName_49,email_49@gmail.com,49,49,20-1-49
FirstName_50,LastName_50,email_50@gmail.com,50,50,20-1-50
FirstName_51,LastName_51,email_51@gmail.com,51,51,20-1-51
FirstName_52,LastName_52,email_52@gmail.com,52,52,20-1-52
FirstName_53,LastName_53,email_53@gmail.com,53,53,20-1-53
FirstName_54,LastName_54,email_54@gmail.com,54,54,20-1-54
FirstName_55,LastName_55,email_55@gmail.com,55,55,20-1-55
FirstName_56,LastName_56,email_56@gmail.com,56,56,20-1-56
FirstName_57,LastName_57,email_57@gmail.com,57,57,20-1-57
FirstName_58,LastName_58,email_58@gmail.com,58,58,20-1-58
FirstName_59,LastName_59,email_59@gmail.com,59,59,20-1-59
FirstName_60,LastName_60,email_60@gmail.com,60,60,20-1-60
FirstName_61,LastName_61,email_61@gmail.com,61,61,20-1-61
FirstName_62,LastName_62,email_62@gmail.com,62,62,20-1-62
FirstName_63,LastName_63,email_63@gmail.com,63,63,20-1-63
FirstName_64,LastName_64,email_64@gmail.com,64,64,20-1-64
FirstName_65,LastName_65,email_65@gmail.com,65,65,20-1-65
FirstName_66,LastName_66,email_66@gmail.com,66,66,20-1-66
FirstName_67,LastName_67,email_67@gmail.com,67,67,20-1-67
FirstName_68,LastName_68,email_68@gmail.com,68,68,20-1-68
FirstName_69,LastName_69,email_69@gmail.com,69,69,20-1-69
FirstName_70,LastName_70,email_70@gmail.com,70,70,20-1-70
FirstName_71,LastName_71,email_71@gmail.com,71,71,20-1-71
FirstName_72,LastName_72,email_72@gmail.com,72,72,20-1-72
FirstName_73,LastName_73,email_73@gmail.com,73,73,20-1-73
FirstName_74,LastName_74,email_74@gmail.com,74,74,20-1-74
FirstName_75,LastName_75,email_75@gmail.com,75,75,20-1-75
FirstName_76,LastName_76,email_76@gmail.com,76,76,20-1-76
FirstName_77,LastName_77,email_77@gmail.com,77,77,20-1-77
FirstName_78,LastName_78,email_78@gmail.com,78,78,20-1-78
FirstName_79,LastName_79,email_79@gmail.com,79,79,20-1-79
FirstName_80,LastName_80,email_80@gmail.com,80,80,20-1-80
FirstName_81,LastName_81,email_81@gmail.com,81,81,20-1-81
FirstName_82,LastName_82,email_82@gmail.com,82,82,20-1-82
FirstName_83,LastName_83,email_83@gmail.com,83,83,20-1-83
FirstName_84,LastName_84,email_84@gmail.com,84,84,20-1-84
FirstName_85,LastName_85,email_85@gmail.com,85,85,20-1-85
FirstName_86,LastName_86,email_86@gmail.com,86,86,20-1-86
FirstName_87,LastName_87,email_87@gmail.com,87,87,20-1-87
FirstName_88,LastName_88,email_88@gmail.com,88,88,20-1-88
FirstName_89,LastName_89,email_89@gmail.com,89,89,20-1-89
FirstName_90,LastName_90,email_90@gmail.com,90,90,20-1-90
FirstName_91,LastName_91,email_91@gmail.com,91,91,20-1-91
FirstName_92,LastName_92,email_92@gmail.com,92,92,20-1-92
FirstName_93,LastName_93,email_93@gmail.com,93,93,20-1-93
FirstName_94,LastName_94,email_94@gmail.com,94,94,20-1-94
FirstName_95,LastName_95,email_95@gmail.com,95,95,20-1-95
FirstName_96,LastName_96,email_96@gmail.com,96,96,20-1-96
FirstName_97,LastName_97,email_97@gmail.com,97,97,20-1-97
FirstName_98,LastName_98,email_98@gmail.com,98,98,20-1-98
FirstName_99,LastName_99,email_99@gmail.com,99,99,20-1-99
FirstName_100,LastName_100,email_100@gmail.com,100,100,20-1-100
FirstName_101,LastName_101,email_101@gmail.com,101,101,20-1-101
FirstName_102,LastName_102,email_102@gmail.com,102,102,20-1-102
FirstName_103,LastName_103,email_103@gmail.com,103,103,20-1-103
FirstName_104,LastName_104,email_104@gmail.com,104,104,20-1-104
FirstName_105,LastName_105,email_105@gmail.com,105,105,20-1-105
FirstName_106,LastName_106,email_106@gmail.com,106,106,20-1-106
FirstName_107,LastName_107,email_107@gmail.com,107,107,20-1-107
FirstName_108,LastName_108,email_108@gmail.com,108,108,20-1-108
FirstName_109,LastName_109,email_109@gmail.com,109,109,20-1-109
FirstName_110,LastName_110,email_110@gmail.com,110,110,20-1-110
FirstName_111,LastName_111,email_111@gmail.com,111,111,20-1-111
FirstName_112,LastName_112,email_112@gmail.com,112,112,20-1-112
FirstName_113,LastName_113,email_113@gmail.com,113,113,20-1-113
FirstName_114,LastName_114,email_114@gmail.com,114,114,20-1-114
FirstName_115,LastName_115,email_115@gmail.com,115,115,20-1-115
FirstName_116,LastName_116,email_116@gmail.com,116,116,20-1-116
FirstName_117,LastName_117,email_117@gmail.com,117,117,20-1-117
FirstName_118,LastName_118,email_118@gmail.com,118,118,20-1-118
FirstName_119,LastName_119,email_119@gmail.com,119,119,20-1-119
FirstName_120,LastName_120,email_120@gmail.com,120,120,20-1-120
FirstName_121,LastName_121,email_121@gmail.com,121,121,20-1-121
FirstName_122,LastName_122,email_122@gmail.com,122,122,20-1-122
FirstName_123,LastName_123,email_123@gmail.com,123,123,20-1-123
FirstName_124,LastName_124,email_124@gmail.com,124,124,20-1-124
FirstName_125,LastName_125,email_125@gmail.com,125,125,20-1-125
FirstName_126,LastName_126,email_126@gmail.com,126,126,20-1-126
FirstName_127,LastName_127,email_127@gmail.com,127,127,20-1-127
FirstName_128,LastName_128,email_128@gmail.com,128,128,20-1-128
FirstName_129,LastName_129,email_129@gmail.com,129,129,20-1-129
FirstName_130,LastName_130,email_130@gmail.com,130,130,20-1-130
FirstName_131,LastName_131,email_131@gmail.com,131,131,20-1-131
FirstName_132,LastName_132,email_132@gmail.com,132,132,20-1-132
FirstName_133,LastName_133,email_133@gmail.com,133,133,20-1-133
FirstName_134,LastName_134,email_134@gmail.com,134,134,20-1-134
FirstName_135,LastName_135,email_135@gmail.com,135,135,20-1-135
FirstName_136,LastName_136,email_136@gmail.com,136,136,20-1-136
FirstName_137,LastName_137,email_137@gmail.com,137,137,20-1-137
FirstName_138,LastName_138,email_138@gmail.com,138,138,20-1-138
FirstName_139,LastName_139,email_139@gmail.com,139,139,20-1-139
FirstName_140,LastName_140,email_140@gmail.com,140,140,20-1-140
FirstName_141,LastName_141,email_141@gmail.com,141,141,20-1-141
FirstName_142,LastName_142,email_142@gmail.com,142,142,20-1-142
FirstName_143,LastName_143,email_143@gmail.com,143,143,20-1-143
FirstName_144,LastName_144,email_144@gmail.com,144,144,20-1-144
FirstName_145,LastName_145,email_145@gmail.com,145,145,20-1-145
FirstName_146,LastName_146,email_146@gmail.com,146,146,20-1-146
FirstName_147,LastName_147,email_147@gmail.com,147,147,20-1-147
FirstName_148,LastName_148,email_148@gmail.com,148,148,20-1-148
FirstName_149,LastName_149,email_149@gmail.com,149,149,20-1-149
FirstName_150,LastName_150,email_150@gmail.com,150,150,20-1-150
FirstName_151,LastName_151,email_151@gmail.com,151,151,20-1-151
FirstName_152,LastName_152,email_152@gmail.com,152,152,20-1-152
FirstName_153,LastName_153,email_153@gmail.com,153,153,20-1-153
FirstName_154,LastName_154,email_154@gmail.com,154,154,20-1-154
FirstName_155,LastName_155,email_155@gmail.com,155,155,20-1-155
FirstName_156,LastName_156,email_156@gmail.com,156,156,20-1-156
FirstName_157,LastName_157,email_157@gmail.com,157,157,20-1-157
FirstName_158,LastName_158,email_158@gmail.com,158,158,20-1-158
FirstName_159,LastName_159,email_159@gmail.com,159,159,20-1-159
FirstName_160,LastName_160,email_160@gmail.com,160,160,20-1-160
FirstName_161,LastName_161,email_161@gmail.com,161,161,20-1-161
FirstName_162,LastName_162,email_162@gmail.com,162,162,20-1-162
FirstName_163,LastName_163,email_163@gmail.com,163,163,20-1-163
FirstName_164,LastName_164,email_164@gmail.com,164,164,20-1-164
FirstName_165,LastName_165,email_165@gmail.com,165,165,20-1-165
FirstName_166,LastName_166,email_166@gmail.com,166,166,20-1-166
FirstName_167,LastName_167,email_167@gmail.com,167,167,20-1-167
FirstName_168,LastName_168,email_168@gmail.com,168,168,20-1-168
FirstName_169,LastName_169,email_169@gmail.com,169,169,20-1-169
FirstName_170,LastName_170,email_170@gmail.com,170,170,20-1-170
FirstName_171,LastName_171,email_171@gmail.com,171,171,20-1-171
FirstName_172,LastName_172,email_172@gmail.com,172,172,20-1-172
FirstName_173,LastName_173,email_173@gmail.com,173,173,20-1-173
FirstName_174,LastName_174,email_174@gmail.com,174,174,20-1-174
FirstName_175,LastName_175,email_175@gmail.com,175,175,20-1-175
FirstName_176,LastName_176,email_176@gmail.com,176,176,20-1-176
FirstName_177,LastName_177,email_177@gmail.com,177,177,20-1-177
FirstName_178,LastName_178,email_178@gmail.com,178,178,20-1-178
FirstName_179,LastName_179,email_179@gmail.com,179,179,20-1-179
FirstName_180,LastName_180,email_180@gmail.com,180,180,20-1-180
FirstName_181,LastName_181,email_181@gmail.com,181,181,20-1-181
FirstName_182,LastName_182,email_182@gmail.com,182,182,20-1-182
FirstName_183,LastName_183,email_183@gmail.com,183,183,20-1-183
FirstName_184,LastName_184,email_184@gmail.com,184,184,20-1-184
FirstName_185,LastName_185,email_185@gmail.com,185,185,20-1-185
FirstName_186,LastName_186,email_186@gmail.com,186,186,20-1-186
FirstName_187,LastName_187,email_187@gmail.com,187,187,20-1-187
FirstName_188,LastName_188,email_188@gmail.com,188,188,20-1-188
FirstName_189,LastName_189,email_189@gmail.com,189,189,20-1-189
FirstName_190,LastName_190,email_190@gmail.com,190,190,20-1-190
FirstName_191,LastName_191,email_191@gmail.com,191,191,20-1-191
FirstName_192,LastName_192,email_192@gmail.com,192,192,20-1-192
FirstName_193,LastName_193,email_193@gmail.com,193,193,20-1-193
FirstName_194,LastName_194,email_194@gmail.com,194,194,20-1-194
FirstName_195,LastName_195,email_195@gmail.com,195,195,20-1-195
FirstName_196,LastName_196,email_196@gmail.com,196,196,20-1-196
FirstName_197,LastName_197,email_197@gmail.com,197,197,20-1-197
FirstName_198,LastName_198,email_198@gmail.com,198,198,20-1-198
FirstName_199,LastName_199,email_199@gmail.com,199,199,20-1-199
FirstName_200,LastName_200,email_200@gmail.com,200,200,20-1-200
FirstName_201,LastName_201,email_201@gmail.com,201,201,20-1-201
FirstName_202,LastName_202,email_202@gmail.com,202,202,20-1-202
FirstName_203,LastName_203,email_203@gmail.com,203,203,20-1-203
FirstName_204,LastName_204,email_204@gmail.com,204,204,20-1-204
FirstName_205,LastName_205,email_205@gmail.com,205,205,20-1-205
FirstName_206,LastName_206,email_206@gmail.com,206,206,20-1-206
FirstName_207,LastName_207,email_207@gmail.com,207,207,20-1-207
FirstName_208,LastName_208,email_208@gmail.com,208,208,20-1-208
FirstName_209,LastName_209,email_209@gmail.com,209,209,20-1-209
FirstName_210,LastName_210,email_210@gmail.com,210,210,20-1-210
FirstName_211,LastName_211,email_211@gmail.com,211,211,20-1-211
FirstName_212,LastName_212,email_212@gmail.com,212,212,20-1-212
FirstName_213,LastName_213,email_213@gmail.com,213,213,20-1-213
FirstName_214,LastName_214,email_214@gmail.com,214,214,20-1-214
FirstName_215,LastName_215,email_215@gmail.com,215,215,20-1-215
FirstName_216,LastName_216,email_216@gmail.com,216,216,20-1-216
FirstName_217,LastName_217,email_217@gmail.com,217,217,20-1-217
FirstName_218,LastName_218,email_218@gmail.com,218,218,20-1-218
FirstName_219,LastName_219,email_219@gmail.com,219,219,20-1-219
FirstName_220,LastName_220,email_220@gmail.com,220,220,20-1-220
FirstName_221,LastName_221,email_221@gmail.com,221,221,20-1-221
FirstName_222,LastName_222,email_222@gmail.com,222,222,20-1-222
FirstName_223,LastName_223,email_223@gmail.com,223,223,20-1-223
FirstName_224,LastName_224,email_224@gmail.com,224,224,20-1-224
FirstName_225,LastName_225,email_225@gmail.com,225,225,20-1-225
FirstName_226,LastName_226,email_226@gmail.com,226,226,20-1-226
FirstName_227,LastName_227,email_227@gmail.com,227,227,20-1-227
FirstName_228,LastName_228,email_228@gmail.com,228,228,20-1-228
FirstName_229,LastName_229,email_229@gmail.com,229,229,20-1-229
FirstName_230,LastName_230,email_230@gmail.com,230,230,20-1-230
FirstName_231,LastName_231,email_231@gmail.com,231,231,20-1-231
FirstName_232,LastName_232,email_232@gmail.com,232,232,20-1-232
FirstName_233,LastName_233,email_233@gmail.com,233,233,20-1-233
FirstName_234,LastName_234,email_234@gmail.com,234,234,20-1-234
FirstName_235,LastName_235,email_235@gmail.com,235,235,20-1-235
FirstName_236,LastName_236,email_236@gmail.com,236,236,20-1-236
FirstName_237,LastName_237,email_237@gmail.com,237,237,20-1-237
FirstName_238,LastName_238,email_238@gmail.com,238,238,20-1-238
FirstName_239,LastName_239,email_239@gmail.com,239,239,20-1-239
FirstName_240,LastName_240,email_240@gmail.com,240,240,20-1-240
FirstName_241,LastName_241,email_241@gmail.com,241,241,20-1-241
FirstName_242,LastName_242,email_242@gmail.com,242,242,20-1-242
FirstName_243,LastName_243,email_243@gmail.com,243,243,20-1-243
FirstName_244,LastName_244,email_244@gmail.com,244,244,20-1-244
FirstName_245,LastName_245,email_245@gmail.com,245,245,20-1-245
FirstName_246,LastName_246,email_246@gmail.com,246,246,20-1-246
FirstName_247,LastName_247,email_247@gmail.com,247,247,20-1-247
FirstName_248,LastName_248,email_248@gmail.com,248,248,20-1-248
FirstName_249,LastName_249,email_249@gmail.com,249,249,20-1-249
FirstName_250,LastName_250,email_250@gmail.com,250,250,20-1-250
FirstName_251,LastName_251,email_251@gmail.com,251,251,20-1-251
FirstName_252,LastName_252,email_252@gmail.com,252,252,20-1-252
FirstName_253,LastName_253,email_253@gmail.com,253,253,20-1-253
FirstName_254,LastName_254,email_254@gmail.com,254,254,20-1-254
FirstName_255,LastName_255,email_255@gmail.com,255,255,20-1-255
FirstName_256,LastName_256,email_256@gmail.com,256,256,20-1-256
FirstName_257,LastName_257,email_257@gmail.com,257,257,20-1-257
FirstName_258,LastName_258,email_258@gmail.com,258,258,20-1-258
FirstName_259,LastName_259,email_259@gmail.com,259,259,20-1-259
FirstName_260,LastName_260,email_260@gmail.com,260,260,20-1-260
FirstName_261,LastName_261,email_261@gmail.com,261,261,20-1-261
FirstName_262,LastName_262,email_262@gmail.com,262,262,20-1-262
FirstName_263,LastName_263,email_263@gmail.com,263,263,20-1-263
FirstName_264,LastName_264,email_264@gmail.com,264,264,20-1-264
FirstName_265,LastName_265,email_265@gmail.com,265,265,20-1-265
FirstName_266,LastName_266,email_266@gmail.com,266,266,20-1-266
FirstName_267,LastName_267,email_267@gmail.com,267,267,20-1-267
FirstName_268,LastName_268,email_268@gmail.com,268,268,20-1-268
FirstName_269,LastName_269,email_269@gmail.com,269,269,20-1-269
FirstName_270,LastName_270,email_270@gmail.com,270,270,20-1-270
FirstName_271,LastName_271,email_271@gmail.com,271,271,20-1-271
FirstName_272,LastName_272,email_272@gmail.com,272,272,20-1-272
FirstName_273,LastName_273,email_273@gmail.com,273,273,20-1-273
FirstName_274,LastName_274,email_274@gmail.com,274,274,20-1-274
FirstName_275,LastName_275,email_275@gmail.com,275,275,20-1-275
FirstName_276,LastName_276,email_276@gmail.com,276,276,20-1-276
FirstName_277,LastName_277,email_277@gmail.com,277,277,20-1-277
FirstName_278,LastName_278,email_278@gmail.com,278,278,20-1-278
FirstName_279,LastName_279,email_279@gmail.com,279,279,20-1-279
FirstName_280,LastName_280,email_280@gmail.com,280,280,20-1-280
FirstName_281,LastName_281,email_281@gmail.com,281,281,20-1-281
FirstName_282,LastName_282,email_282@gmail.com,282,282,20-1-282
FirstName_283,LastName_283,email_283@gmail.com,283,283,20-1-283
FirstName_284,LastName_284,email_284@gmail.com,284,284,20-1-284
FirstName_285,LastName_285,email_285@gmail.com,285,285,20-1-285
FirstName_286,LastName_286,email_286@gmail.com,286,286,20-1-286
FirstName_287,LastName_287,email_287@gmail.com,287,287,20-1-287
FirstName_288,LastName_288,email_288@gmail.com,288,288,20-1-288
FirstName_289,LastName_289,email_289@gmail.com,289,289,20-1-289
FirstName_290,LastName_290,email_290@gmail.com,290,290,20-1-290
FirstName_291,LastName_291,email_291@gmail.com,291,291,20-1-291
FirstName_292,LastName_292,email_292@gmail.com,292,292,20-1-292
FirstName_293,LastName_293,email_293@gmail.com,293,293,20-1-293
FirstName_294,LastName_294,email_294@gmail.com,294,294,20-1-294
FirstName_295,LastName_295,email_295@gmail.com,295,295,20-1-295
FirstName_296,LastName_296,email_296@gmail.com,296,296,20-1-296
FirstName_297,LastName_297,email_297@gmail.com,297,297,20-1-297
FirstName_298,LastName_298,email_298@gmail.com,298,298,20-1-298
FirstName_299,LastName_299,email_299@gmail.com,299,299,20-1-299
FirstName_300,LastName_300,email_300@gmail.com,300,300,20-1-300
FirstName_301,LastName_301,email_301@gmail.com,301,301,20-1-301
FirstName_302,LastName_302,email_302@gmail.com,302,302,20-1-302
FirstName_303,LastName_303,email_303@gmail.com,303,303,20-1-303
FirstName_304,LastName_304,email_304@gmail.com,304,304,20-1-304
FirstName_305,LastName_305,email_305@gmail.com,305,305,20-1-305
FirstName_306,LastName_306,email_306@gmail.com,306,306,20-1-306
FirstName_307,LastName_307,email_307@gmail.com,307,307,20-1-307
FirstName_308,LastName_308,email_308@gmail.com,308,308,20-1-308
FirstName_309,LastName_309,email_309@gmail.com,309,309,20-1-309
FirstName_310,LastName_310,email_310@gmail.com,310,310,20-1-310
FirstName_311,LastName_311,email_311@gmail.com,311,311,20-1-311
FirstName_312,LastName_312,email_312@gmail.com,312,312,20-1-312
FirstName_313,LastName_313,email_313@gmail.com,313,313,20-1-313
FirstName_314,LastName_314,email_314@gmail.com,314,314,20-1-314
FirstName_315,LastName_315,email_315@gmail.com,315,315,20-1-315
FirstName_316,LastName_316,email_316@gmail.com,316,316,20-1-316
FirstName_317,LastName_317,email_317@gmail.com,317,317,20-1-317
FirstName_318,LastName_318,email_318@gmail.com,318,318,20-1-318
FirstName_319,LastName_319,email_319@gmail.com,319,319,20-1-319
FirstName_320,LastName_320,email_320@gmail.com,320,320,20-1-320
FirstName_321,LastName_321,email_321@gmail.com,321,321,20-1-321
FirstName_322,LastName_322,email_322@gmail.com,322,322,20-1-322
FirstName_323,LastName_323,email_323@gmail.com,323,323,20-1-323
FirstName_324,LastName_324,email_324@gmail.com,324,324,20-1-324
FirstName_325,LastName_325,email_325@gmail.com,325,325,20-1-325
FirstName_326,LastName_326,email_326@gmail.com,326,326,20-1-326
FirstName_327,LastName_327,email_327@gmail.com,327,327,20-1-327
FirstName_328,LastName_328,email_328@gmail.com,328,328,20-1-328
FirstName_329,LastName_329,email_329@gmail.com,329,329,20-1-329
FirstName_330,LastName_330,email_330@gmail.com,330,330,20-1-330
FirstName_331,LastName_331,email_331@gmail.com,331,331,20-1-331
FirstName_332,LastName_332,email_332@gmail.com,332,332,20-1-332
FirstName_333,LastName_333,email_333@gmail.com,333,333,20-1-333
FirstName_334,LastName_334,email_334@gmail.com,334,334,20-1-334
FirstName_335,LastName_335,email_335@gmail.com,335,335,20-1-335
FirstName_336,LastName_336,email_336@gmail.com,336,336,20-1-336
FirstName_337,LastName_337,email_337@gmail.com,337,337,20-1-337
FirstName_338,LastName_338,email_338@gmail.com,338,338,20-1-338
FirstName_339,LastName_339,email_339@gmail.com,339,339,20-1-339
FirstName_340,LastName_340,email_340@gmail.com,340,340,20-1-340
FirstName_341,LastName_341,email_341@gmail.com,341,341,20-1-341
FirstName_342,LastName_342,email_342@gmail.com,342,342,20-1-342
FirstName_343,LastName_343,email_343@gmail.com,343,343,20-1-343
FirstName_344,LastName_344,email_344@gmail.com,344,344,20-1-344
FirstName_345,LastName_345,email_345@gmail.com,345,345,20-1-345
FirstName_346,LastName_346,email_346@gmail.com,346,346,20-1-346
FirstName_347,LastName_347,email_347@gmail.com,347,347,20-1-347
FirstName_348,LastName_348,email_348@gmail.com,348,348,20-1-348
FirstName_349,LastName_349,email_349@gmail.com,349,349,20-1-349
FirstName_350,LastName_350,email_350@gmail.com,350,350,20-1-350
FirstName_351,LastName_351,email_351@gmail.com,351,351,20-1-351
FirstName_352,LastName_352,email_352@gmail.com,352,352,20-1-352
FirstName_353,LastName_353,email_353@gmail.com,353,353,20-1-353
FirstName_354,LastName_354,email_354@gmail.com,354,354,20-1-354
FirstName_355,LastName_355,email_355@gmail.com,355,355,20-1-355
FirstName_356,LastName_356,email_356@gmail.com,356,356,20-1-356
FirstName_357,LastName_357,email_357@gmail.com,357,357,20-1-357
FirstName_358,LastName_358,email_358@gmail.com,358,358,20-1-358
FirstName_359,LastName_359,email_359@gmail.com,359,359,20-1-359
FirstName_360,LastName_360,email_360@gmail.com,360,360,20-1-360
FirstName_361,LastName_361,email_361@gmail.com,361,361,20-1-361
FirstName_362,LastName_362,email_362@gmail.com,362,362,20-1-362
FirstName_363,LastName_363,email_363@gmail.com,363,363,20-1-363
FirstName_364,LastName_364,email_364@gmail.com,364,364,20-1-364
FirstName_365,LastName_365,email_365@gmail.com,365,365,20-1-365
FirstName_366,LastName_366,email_366@gmail.com,366,366,20-1-366
FirstName_367,LastName_367,email_367@gmail.com,367,367,20-1-367
FirstName_368,LastName_368,email_368@gmail.com,368,368,20-1-368
FirstName_369,LastName_369,email_369@gmail.com,369,369,20-1-369
FirstName_370,LastName_370,email_370@gmail.com,370,370,20-1-370
FirstName_371,LastName_371,email_371@gmail.com,371,371,20-1-371
FirstName_372,LastName_372,email_372@gmail.com,372,372,20-1-372
FirstName_373,LastName_373,email_373@gmail.com,373,373,20-1-373
FirstName_374,LastName_374,email_374@gmail.com,374,374,20-1-374
FirstName_375,LastName_375,email_375@gmail.com,375,375,20-1-375
FirstName_376,LastName_376,email_376@gmail.com,376,376,20-1-376
FirstName_377,LastName_377,email_377@gmail.com,377,377,20-1-377
FirstName_378,LastName_378,email_378@gmail.com,378,378,20-1-378
FirstName_379,LastName_379,email_379@gmail.com,379,379,20-1-379
FirstName_380,LastName_380,email_380@gmail.com,380,380,20-1-380
FirstName_381,LastName_381,email_381@gmail.com,381,381,20-1-381
FirstName_382,LastName_382,email_382@gmail.com,382,382,20-1-382
FirstName_383,LastName_383,email_383@gmail.com,383,383,20-1-383
FirstName_384,LastName_384,email_384@gmail.com,384,384,20-1-384
FirstName_385,LastName_385,email_385@gmail.com,385,385,20-1-385
FirstName_386,LastName_386,email_386@gmail.com,386,386,20-1-386
FirstName_387,LastName_387,email_387@gmail.com,387,387,20-1-387
FirstName_388,LastName_388,email_388@gmail.com,388,388,20-1-388
FirstName_389,LastName_389,email_389@gmail.com,389,389,20-1-389
FirstName_390,LastName_390,email_390@gmail.com,390,390,20-1-390
FirstName_391,LastName_391,email_391@gmail.com,391,391,20-1-391
FirstName_392,LastName_392,email_392@gmail.com,392,392,20-1-392
FirstName_393,LastName_393,email_393@gmail.com,393,393,20-1-393
FirstName_394,LastName_394,email_394@gmail.com,394,394,20-1-394
FirstName_395,LastName_395,email_395@gmail.com,395,395,20-1-395
FirstName_396,LastName_396,email_396@gmail.com,396,396,20-1-396
FirstName_397,LastName_397,email_397@gmail.com,397,397,20-1-397
FirstName_398,LastName_398,email_398@gmail.com,398,398,20-1-398
FirstName_399,LastName_399,email_399@gmail.com,399,399,20-1-399
FirstName_400,LastName_400,email_400@gmail.com,400,400,20-1-400
FirstName_401,LastName_401,email_401@gmail.com,401,401,20-1-401
FirstName_402,LastName_402,email_402@gmail.com,402,402,20-1-402
FirstName_403,LastName_403,email_403@gmail.com,403,403,20-1-403
FirstName_404,LastName_404,email_404@gmail.com,404,404,20-1-404
FirstName_405,LastName_405,email_405@gmail.com,405,405,20-1-405
FirstName_406,LastName_406,email_406@gmail.com,406,406,20-1-406
FirstName_407,LastName_407,email_407@gmail.com,407,407,20-1-407
FirstName_408,LastName_408,email_408@gmail.com,408,408,20-1-408
FirstName_409,LastName_409,email_409@gmail.com,409,409,20-1-409
FirstName_410,LastName_410,email_410@gmail.com,410,410,20-1-410
FirstName_411,LastName_411,email_411@gmail.com,411,411,20-1-411
FirstName_412,LastName_412,email_412@gmail.com,412,412,20-1-412
FirstName_413,LastName_413,email_413@gmail.com,413,413,20-1-413
FirstName_414,LastName_414,email_414@gmail.com,414,414,20-1-414
FirstName_415,LastName_415,email_415@gmail.com,415,415,20-1-415
FirstName_416,LastName_416,email_416@gmail.com,416,416,20-1-416
FirstName_417,LastName_417,email_417@gmail.com,417,417,20-1-417
FirstName_418,LastName_418,email_418@gmail.com,418,418,20-1-418
FirstName_419,LastName_419,email_419@gmail.com,419,419,20-1-419
FirstName_420,LastName_420,email_420@gmail.com,420,420,20-1-420
FirstName_421,LastName_421,email_421@gmail.com,421,421,20-1-421
FirstName_422,LastName_422,email_422@gmail.com,422,422,20-1-422
FirstName_423,LastName_423,email_423@gmail.com,423,423,20-1-423
FirstName_424,LastName_424,email_424@gmail.com,424,424,20-1-424
FirstName_425,LastName_425,email_425@gmail.com,425,425,20-1-425
FirstName_426,LastName_426,email_426@gmail.com,426,426,20-1-426
FirstName_427,LastName_427,email_427@gmail.com,427,427,20-1-427
FirstName_428,LastName_428,email_428@gmail.com,428,428,20-1-428
FirstName_429,LastName_429,email_429@gmail.com,429,429,20-1-429
FirstName_430,LastName_430,email_430@gmail.com,430,430,20-1-430
FirstName_431,LastName_431,email_431@gmail.com,431,431,20-1-431
FirstName_432,LastName_432,email_432@gmail.com,432,432,20-1-432
FirstName_433,LastName_433,email_433@gmail.com,433,433,20-1-433
FirstName_434,LastName_434,email_434@gmail.com,434,434,20-1-434
FirstName_435,LastName_435,email_435@gmail.com,435,435,20-1-435
FirstName_436,LastName_436,email_436@gmail.com,436,436,20-1-436
FirstName_437,LastName_437,email_437@gmail.com,437,437,20-1-437
FirstName_438,LastName_438,email_438@gmail.com,438,438,20-1-438
FirstName_439,LastName_439,email_439@gmail.com,439,439,20-1-439
FirstName_440,LastName_440,email_440@gmail.com,440,440,20-1-440
FirstName_441,LastName_441,email_441@gmail.com,441,441,20-1-441
FirstName_442,LastName_442,email_442@gmail.com,442,442,20-1-442
FirstName_443,LastName_443,email_443@gmail.com,443,443,20-1-443
FirstName_444,LastName_444,email_444@gmail.com,444,444,20-1-444
FirstName_445,LastName_445,email_445@gmail.com,445,445,20-1-445
FirstName_446,LastName_446,email_446@gmail.com,446,446,20-1-446
FirstName_447,LastName_447,email_447@gmail.com,447,447,20-1-447
FirstName_448,LastName_448,email_448@gmail.com,448,448,20-1-448
FirstName_449,LastName_449,email_449@gmail.com,449,449,20-1-449
FirstName_450,LastName_450,email_450@gmail.com,450,450,20-1-450
FirstName_451,LastName_451,email_451@gmail.com,451,451,20-1-451
FirstName_452,LastName_452,email_452@gmail.com,452,452,20-1-452
FirstName_453,LastName_453,email_453@gmail.com,453,453,20-1-453
FirstName_454,LastName_454,email_454@gmail.com,454,454,20-1-454
FirstName_455,LastName_455,email_455@gmail.com,455,455,20-1-455
FirstName_456,LastName_456,email_456@gmail.com,456,456,20-1-456
FirstName_457,LastName_457,email_457@gmail.com,457,457,20-1-457
FirstName_458,LastName_458,email_458@gmail.com,458,458,20-1-458
FirstName_459,LastName_459,email_459@gmail.com,459,459,20-1-459
FirstName_460,LastName_460,email_460@gmail.com,460,460,20-1-460
FirstName_461,LastName_461,email_461@gmail.com,461,461,20-1-461
FirstName_462,LastName_462,email_462@gmail.com,462,462,20-1-462
FirstName_463,LastName_463,email_463@gmail.com,463,463,20-1-463
FirstName_464,LastName_464,email_464@gmail.com,464,464,20-1-464
FirstName_465,LastName_465,email_465@gmail.com,465,465,20-1-465
FirstName_466,LastName_466,email_466@gmail.com,466,466,20-1-466
FirstName_467,LastName_467,email_467@gmail.com,467,467,20-1-467
FirstName_468,LastName_468,email_468@gmail.com,468,468,20-1-468
FirstName_469,LastName_469,email_469@gmail.com,469,469,20-1-469
FirstName_470,LastName_470,email_470@gmail.com,470,470,20-1-470
FirstName_471,LastName_471,email_471@gmail.com,471,471,20-1-471
FirstName_472,LastName_472,email_472@gmail.com,472,472,20-1-472
FirstName_473,LastName_473,email_473@gmail.com,473,473,20-1-473
FirstName_474,LastName_474,email_474@gmail.com,474,474,20-1-474
FirstName_475,LastName_475,email_475@gmail.com,475,475,20-1-475
FirstName_476,LastName_476,email_476@gmail.com,476,476,20-1-476
FirstName_477,LastName_477,email_477@gmail.com,477,477,20-1-477
FirstName_478,LastName_478,email_478@gmail.com,478,478,20-1-478
FirstName_479,LastName_479,email_479@gmail.com,479,479,20-1-479
FirstName_480,LastName_480,email_480@gmail.com,480,480,20-1-480
FirstName_481,LastName_481,email_481@gmail.com,481,481,20-1-481
FirstName_482,LastName_482,email_482@gmail.com,482,482,20-1-482
FirstName_483,LastName_483,email_483@gmail.com,483,483,20-1-483
FirstName_484,LastName_484,email_484@gmail.com,484,484,20-1-484
FirstName_485,LastName_485,email_485@gmail.com,485,485,20-1-485
FirstName_486,LastName_486,email_486@gmail.com,486,486,20-1-486
FirstName_487,LastName_487,email_487@gmail.com,487,487,20-1-487
FirstName_488,LastName_488,email_488@gmail.com,488,488,20-1-488
FirstName_489,LastName_489,email_489@gmail.com,489,489,20-1-489
FirstName_490,LastName_490,email_490@gmail.com,490,490,20-1-490
FirstName_491,LastName_491,email_491@gmail.com,491,491,20-1-491
FirstName_492,LastName_492,email_492@gmail.com,492,492,20-1-492
FirstName_493,LastName_493,email_493@gmail.com,493,493,20-1-493
FirstName_494,LastName_494,email_494@gmail.com,494,494,20-1-494
FirstName_495,LastName_495,email_495@gmail.com,495,495,20-1-495
FirstName_496,LastName_496,email_496@gmail.com,496,496,20-1-496
FirstName_497,LastName_497,email_497@gmail.com,497,497,20-1-497
FirstName_498,LastName_498,email_498@gmail.com,498,498,20-1-498
FirstName_499,LastName_499,email_499@gmail.com,499,499,20-1-499
FirstName_500,LastName_500,email_500@gmail.com,500,500,20-1-500
FirstName_501,LastName_501,email_501@gmail.com,501,501,20-1-501
FirstName_502,LastName_502,email_502@gmail.com,502,502,20-1-502
FirstName_503,LastName_503,email_503@gmail.com,503,503,20-1-503
FirstName_504,LastName_504,email_504@gmail.com,504,504,20-1-504
FirstName_505,LastName_505,email_505@gmail.com,505,505,20-1-505
FirstName_506,LastName_506,email_506@gmail.com,506,506,20-1-506
FirstName_507,LastName_507,email_507@gmail.com,507,507,20-1-507
FirstName_508,LastName_508,email_508@gmail.com,508,508,20-1-508
FirstName_509,LastName_509,email_509@gmail.com,509,509,20-1-509
FirstName_510,LastName_510,email_510@gmail.com,510,510,20-1-510
FirstName_511,LastName_511,email_511@gmail.com,511,511,20-1-511
FirstName_512,LastName_512,email_512@gmail.com,512,512,20-1-512
FirstName_513,LastName_513,email_513@gmail.com,513,513,20-1-513
FirstName_514,LastName_514,email_514@gmail.com,514,514,20-1-514
FirstName_515,LastName_515,email_515@gmail.com,515,515,20-1-515
FirstName_516,LastName_516,email_516@gmail.com,516,516,20-1-516
FirstName_517,LastName_517,email_517@gmail.com,517,517,20-1-517
FirstName_518,LastName_518,email_518@gmail.com,518,518,20-1-518
FirstName_519,LastName_519,email_519@gmail.com,519,519,20-1-519
FirstName_520,LastName_520,email_520@gmail.com,520,520,20-1-520
FirstName_521,LastName_521,email_521@gmail.com,521,521,20-1-521
FirstName_522,LastName_522,email_522@gmail.com,522,522,20-1-522
FirstName_523,LastName_523,email_523@gmail.com,523,523,20-1-523
FirstName_524,LastName_524,email_524@gmail.com,524,524,20-1-524
FirstName_525,LastName_525,email_525@gmail.com,525,525,20-1-525
FirstName_526,LastName_526,email_526@gmail.com,526,526,20-1-526
FirstName_527,LastName_527,email_527@gmail.com,527,527,20-1-527
FirstName_528,LastName_528,email_528@gmail.com,528,528,20-1-528
FirstName_529,LastName_529,email_529@gmail.com,529,529,20-1-529
FirstName_530,LastName_530,email_530@gmail.com,530,530,20-1-530
FirstName_531,LastName_531,email_531@gmail.com,531,531,20-1-531
FirstName_532,LastName_532,email_532@gmail.com,532,532,20-1-532
FirstName_533,LastName_533,email_533@gmail.com,533,533,20-1-533
FirstName_534,LastName_534,email_534@gmail.com,534,534,20-1-534
FirstName_535,LastName_535,email_535@gmail.com,535,535,20-1-535
FirstName_536,LastName_536,email_536@gmail.com,536,536,20-1-536
FirstName_537,LastName_537,email_537@gmail.com,537,537,20-1-537
FirstName_538,LastName_538,email_538@gmail.com,538,538,20-1-538
FirstName_539,LastName_539,email_539@gmail.com,539,539,20-1-539
FirstName_540,LastName_540,email_540@gmail.com,540,540,20-1-540
FirstName_541,LastName_541,email_541@gmail.com,541,541,20-1-541
FirstName_542,LastName_542,email_542@gmail.com,542,542,20-1-542
FirstName_543,LastName_543,email_543@gmail.com,543,543,20-1-543
FirstName_544,LastName_544,email_544@gmail.com,544,544,20-1-544
FirstName_545,LastName_545,email_545@gmail.com,545,545,20-1-545
FirstName_546,LastName_546,email_546@gmail.com,546,546,20-1-546
FirstName_547,LastName_547,email_547@gmail.com,547,547,20-1-547
FirstName_548,LastName_548,email_548@gmail.com,548,548,20-1-548
FirstName_549,LastName_549,email_549@gmail.com,549,549,20-1-549
FirstName_550,LastName_550,email_550@gmail.com,550,550,20-1-550
FirstName_551,LastName_551,email_551@gmail.com,551,551,20-1-551
FirstName_552,LastName_552,email_552@gmail.com,552,552,20-1-552
FirstName_553,LastName_553,email_553@gmail.com,553,553,20-1-553
FirstName_554,LastName_554,email_554@gmail.com,554,554,20-1-554
FirstName_555,LastName_555,email_555@gmail.com,555,555,20-1-555
FirstName_556,LastName_556,email_556@gmail.com,556,556,20-1-556
FirstName_557,LastName_557,email_557@gmail.com,557,557,20-1-557
FirstName_558,LastName_558,email_558@gmail.com,558,558,20-1-558
FirstName_559,LastName_559,email_559@gmail.com,559,559,20-1-559
FirstName_560,LastName_560,email_560@gmail.com,560,560,20-1-560
FirstName_561,LastName_561,email_561@gmail.com,561,561,20-1-561
FirstName_562,LastName_562,email_562@gmail.com,562,562,20-1-562
FirstName_563,LastName_563,email_563@gmail.com,563,563,20-1-563
FirstName_564,LastName_564,email_564@gmail.com,564,564,20-1-564
FirstName_565,LastName_565,email_565@gmail.com,565,565,20-1-565
FirstName_566,LastName_566,email_566@gmail.com,566,566,20-1-566
FirstName_567,LastName_567,email_567@gmail.com,567,567,20-1-567
FirstName_568,LastName_568,email_568@gmail.com,568,568,20-1-568
FirstName_569,LastName_569,email_569@gmail.com,569,569,20-1-569
FirstName_570,LastName_570,email_570@gmail.com,570,570,20-1-570
FirstName_571,LastName_571,email_571@gmail.com,571,571,20-1-571
FirstName_572,LastName_572,email_572@gmail.com,572,572,20-1-572
FirstName_573,LastName_573,email_573@gmail.com,573,573,20-1-573
FirstName_574,LastName_574,email_574@gmail.com,574,574,20-1-574
FirstName_575,LastName_575,email_575@gmail.com,575,575,20-1-575
FirstName_576,LastName_576,email_576@gmail.com,576,576,20-1-576
FirstName_577,LastName_577,email_577@gmail.com,577,577,20-1-577
FirstName_578,LastName_578,email_578@gmail.com,578,578,20-1-578
FirstName_579,LastName_579,email_579@gmail.com,579,579,20-1-579
FirstName_580,LastName_580,email_580@gmail.com,580,580,20-1-580
FirstName_581,LastName_581,email_581@gmail.com,581,581,20-1-581
FirstName_582,LastName_582,email_582@gmail.com,582,582,20-1-582
FirstName_583,LastName_583,email_583@gmail.com,583,583,20-1-583
FirstName_584,LastName_584,email_584@gmail.com,584,584,20-1-584
FirstName_585,LastName_585,email_585@gmail.com,585,585,20-1-585
FirstName_586,LastName_586,email_586@gmail.com,586,586,20-1-586
FirstName_587,LastName_587,email_587@gmail.com,587,587,20-1-587
FirstName_588,LastName_588,email_588@gmail.com,588,588,20-1-588
FirstName_589,LastName_589,email_589@gmail.com,589,589,20-1-589
FirstName_590,LastName_590,email_590@gmail.com,590,590,20-1-590
FirstName_591,LastName_591,email_591@gmail.com,591,591,20-1-591
FirstName_592,LastName_592,email_592@gmail.com,592,592,20-1-592
FirstName_593,LastName_593,email_593@gmail.com,593,593,20-1-593
FirstName_594,LastName_594,email_594@gmail.com,594,594,20-1-594
FirstName_595,LastName_595,email_595@gmail.com,595,595,20-1-595
FirstName_596,LastName_596,email_596@gmail.com,596,596,20-1-596
FirstName_597,LastName_597,email_597@gmail.com,597,597,20-1-597
FirstName_598,LastName_598,email_598@gmail.com,598,598,20-1-598
FirstName_599,LastName_599,email_599@gmail.com,599,599,20-1-599
FirstName_600,LastName_600,email_600@gmail.com,600,600,20-1-600
FirstName_601,LastName_601,email_601@gmail.com,601,601,20-1-601
FirstName_602,LastName_602,email_602@gmail.com,602,602,20-1-602
FirstName_603,LastName_603,email_603@gmail.com,603,603,20-1-603
FirstName_604,LastName_604,email_604@gmail.com,604,604,20-1-604
FirstName_605,LastName_605,email_605@gmail.com,605,605,20-1-605
FirstName_606,LastName_606,email_606@gmail.com,606,606,20-1-606
FirstName_607,LastName_607,email_607@gmail.com,607,607,20-1-607
FirstName_608,LastName_608,email_608@gmail.com,608,608,20-1-608
FirstName_609,LastName_609,email_609@gmail.com,609,609,20-1-609
FirstName_610,LastName_610,email_610@gmail.com,610,610,20-1-610
FirstName_611,LastName_611,email_611@gmail.com,611,611,20-1-611
FirstName_612,LastName_612,email_612@gmail.com,612,612,20-1-612
FirstName_613,LastName_613,email_613@gmail.com,613,613,20-1-613
FirstName_614,LastName_614,email_614@gmail.com,614,614,20-1-614
FirstName_615,LastName_615,email_615@gmail.com,615,615,20-1-615
FirstName_616,LastName_616,email_616@gmail.com,616,616,20-1-616
FirstName_617,LastName_617,email_617@gmail.com,617,617,20-1-617
FirstName_618,LastName_618,email_618@gmail.com,618,618,20-1-618
FirstName_619,LastName_619,email_619@gmail.com,619,619,20-1-619
FirstName_620,LastName_620,email_620@gmail.com,620,620,20-1-620
FirstName_621,LastName_621,email_621@gmail.com,621,621,20-1-621
FirstName_622,LastName_622,email_622@gmail.com,622,622,20-1-622
FirstName_623,LastName_623,email_623@gmail.com,623,623,20-1-623
FirstName_624,LastName_624,email_624@gmail.com,624,624,20-1-624
FirstName_625,LastName_625,email_625@gmail.com,625,625,20-1-625
FirstName_626,LastName_626,email_626@gmail.com,626,626,20-1-626
FirstName_627,LastName_627,email_627@gmail.com,627,627,20-1-627
FirstName_628,LastName_628,email_628@gmail.com,628,628,20-1-628
FirstName_629,LastName_629,email_629@gmail.com,629,629,20-1-629
FirstName_630,LastName_630,email_630@gmail.com,630,630,20-1-630
FirstName_631,LastName_631,email_631@gmail.com,631,631,20-1-631
FirstName_632,LastName_632,email_632@gmail.com,632,632,20-1-632
FirstName_633,LastName_633,email_633@gmail.com,633,633,20-1-633
FirstName_634,LastName_634,email_634@gmail.com,634,634,20-1-634
FirstName_635,LastName_635,email_635@gmail.com,635,635,20-1-635
FirstName_636,LastName_636,email_636@gmail.com,636,636,20-1-636
FirstName_637,LastName_637,email_637@gmail.com,637,637,20-1-637
FirstName_638,LastName_638,email_638@gmail.com,638,638,20-1-638
FirstName_639,LastName_639,email_639@gmail.com,639,639,20-1-639
FirstName_640,LastName_640,email_640@gmail.com,640,640,20-1-640
FirstName_641,LastName_641,email_641@gmail.com,641,641,20-1-641
FirstName_642,LastName_642,email_642@gmail.com,642,642,20-1-642
FirstName_643,LastName_643,email_643@gmail.com,643,643,20-1-643
FirstName_644,LastName_644,email_644@gmail.com,644,644,20-1-644
FirstName_645,LastName_645,email_645@gmail.com,645,645,20-1-645
FirstName_646,LastName_646,email_646@gmail.com,646,646,20-1-646
FirstName_647,LastName_647,email_647@gmail.com,647,647,20-1-647
FirstName_648,LastName_648,email_648@gmail.com,648,648,20-1-648
FirstName_649,LastName_649,email_649@gmail.com,649,649,20-1-649
FirstName_650,LastName_650,email_650@gmail.com,650,650,20-1-650
FirstName_651,LastName_651,email_651@gmail.com,651,651,20-1-651
FirstName_652,LastName_652,email_652@gmail.com,652,652,20-1-652
FirstName_653,LastName_653,email_653@gmail.com,653,653,20-1-653
FirstName_654,LastName_654,email_654@gmail.com,654,654,20-1-654
FirstName_655,LastName_655,email_655@gmail.com,655,655,20-1-655
FirstName_656,LastName_656,email_656@gmail.com,656,656,20-1-656
FirstName_657,LastName_657,email_657@gmail.com,657,657,20-1-657
FirstName_658,LastName_658,email_658@gmail.com,658,658,20-1-658
FirstName_659,LastName_659,email_659@gmail.com,659,659,20-1-659
FirstName_660,LastName_660,email_660@gmail.com,660,660,20-1-660
FirstName_661,LastName_661,email_661@gmail.com,661,661,20-1-661
FirstName_662,LastName_662,email_662@gmail.com,662,662,20-1-662
FirstName_663,LastName_663,email_663@gmail.com,663,663,20-1-663
FirstName_664,LastName_664,email_664@gmail.com,664,664,20-1-664
FirstName_665,LastName_665,email_665@gmail.com,665,665,20-1-665
FirstName_666,LastName_666,email_666@gmail.com,666,666,20-1-666
FirstName_667,LastName_667,email_667@gmail.com,667,667,20-1-667
FirstName_668,LastName_668,email_668@gmail.com,668,668,20-1-668
FirstName_669,LastName_669,email_669@gmail.com,669,669,20-1-669
FirstName_670,LastName_670,email_670@gmail.com,670,670,20-1-670
FirstName_671,LastName_671,email_671@gmail.com,671,671,20-1-671
FirstName_672,LastName_672,email_672@gmail.com,672,672,20-1-672
FirstName_673,LastName_673,email_673@gmail.com,673,673,20-1-673
FirstName_674,LastName_674,email_674@gmail.com,674,674,20-1-674
FirstName_675,LastName_675,email_675@gmail.com,675,675,20-1-675
FirstName_676,LastName_676,email_676@gmail.com,676,676,20-1-676
FirstName_677,LastName_677,email_677@gmail.com,677,677,20-1-677
FirstName_678,LastName_678,email_678@gmail.com,678,678,20-1-678
FirstName_679,LastName_679,email_679@gmail.com,679,679,20-1-679
FirstName_680,LastName_680,email_680@gmail.com,680,680,20-1-680
FirstName_681,LastName_681,email_681@gmail.com,681,681,20-1-681
FirstName_682,LastName_682,email_682@gmail.com,682,682,20-1-682
FirstName_683,LastName_683,email_683@gmail.com,683,683,20-1-683
FirstName_684,LastName_684,email_684@gmail.com,684,684,20-1-684
FirstName_685,LastName_685,email_685@gmail.com,685,685,20-1-685
FirstName_686,LastName_686,email_686@gmail.com,686,686,20-1-686
FirstName_687,LastName_687,email_687@gmail.com,687,687,20-1-687
FirstName_688,LastName_688,email_688@gmail.com,688,688,20-1-688
FirstName_689,LastName_689,email_689@gmail.com,689,689,20-1-689
FirstName_690,LastName_690,email_690@gmail.com,690,690,20-1-690
FirstName_691,LastName_691,email_691@gmail.com,691,691,20-1-691
FirstName_692,LastName_692,email_692@gmail.com,692,692,20-1-692
FirstName_693,LastName_693,email_693@gmail.com,693,693,20-1-693
FirstName_694,LastName_694,email_694@gmail.com,694,694,20-1-694
FirstName_695,LastName_695,email_695@gmail.com,695,695,20-1-695
FirstName_696,LastName_696,email_696@gmail.com,696,696,20-1-696
FirstName_697,LastName_697,email_697@gmail.com,697,697,20-1-697
FirstName_698,LastName_698,email_698@gmail.com,698,698,20-1-698
FirstName_699,LastName_699,email_699@gmail.com,699,699,20-1-699
FirstName_700,LastName_700,email_700@gmail.com,700,700,20-1-700
FirstName_701,LastName_701,email_701@gmail.com,701,701,20-1-701
FirstName_702,LastName_702,email_702@gmail.com,702,702,20-1-702
FirstName_703,LastName_703,email_703@gmail.com,703,703,20-1-703
FirstName_704,LastName_704,email_704@gmail.com,704,704,20-1-704
FirstName_705,LastName_705,email_705@gmail.com,705,705,20-1-705
FirstName_706,LastName_706,email_706@gmail.com,706,706,20-1-706
FirstName_707,LastName_707,email_707@gmail.com,707,707,20-1-707
FirstName_708,LastName_708,email_708@gmail.com,708,708,20-1-708
FirstName_709,LastName_709,email_709@gmail.com,709,709,20-1-709
FirstName_710,LastName_710,email_710@gmail.com,710,710,20-1-710
FirstName_711,LastName_711,email_711@gmail.com,711,711,20-1-711
FirstName_712,LastName_712,email_712@gmail.com,712,712,20-1-712
FirstName_713,LastName_713,email_713@gmail.com,713,713,20-1-713
FirstName_714,LastName_714,email_714@gmail.com,714,714,20-1-714
FirstName_715,LastName_715,email_715@gmail.com,715,715,20-1-715
FirstName_716,LastName_716,email_716@gmail.com,716,716,20-1-716
FirstName_717,LastName_717,email_717@gmail.com,717,717,20-1-717
FirstName_718,LastName_718,email_718@gmail.com,718,718,20-1-718
FirstName_719,LastName_719,email_719@gmail.com,719,719,20-1-719
FirstName_720,LastName_720,email_720@gmail.com,720,720,20-1-720
FirstName_721,LastName_721,email_721@gmail.com,721,721,20-1-721
FirstName_722,LastName_722,email_722@gmail.com,722,722,20-1-722
FirstName_723,LastName_723,email_723@gmail.com,723,723,20-1-723
FirstName_724,LastName_724,email_724@gmail.com,724,724,20-1-724
FirstName_725,LastName_725,email_725@gmail.com,725,725,20-1-725
FirstName_726,LastName_726,email_726@gmail.com,726,726,20-1-726
FirstName_727,LastName_727,email_727@gmail.com,727,727,20-1-727
FirstName_728,LastName_728,email_728@gmail.com,728,728,20-1-728
FirstName_729,LastName_729,email_729@gmail.com,729,729,20-1-729
FirstName_730,LastName_730,email_730@gmail.com,730,730,20-1-730
FirstName_731,LastName_731,email_731@gmail.com,731,731,20-1-731
FirstName_732,LastName_732,email_732@gmail.com,732,732,20-1-732
FirstName_733,LastName_733,email_733@gmail.com,733,733,20-1-733
FirstName_734,LastName_734,email_734@gmail.com,734,734,20-1-734
FirstName_735,LastName_735,email_735@gmail.com,735,735,20-1-735
FirstName_736,LastName_736,email_736@gmail.com,736,736,20-1-736
FirstName_737,LastName_737,email_737@gmail.com,737,737,20-1-737
FirstName_738,LastName_738,email_738@gmail.com,738,738,20-1-738
FirstName_739,LastName_739,email_739@gmail.com,739,739,20-1-739
FirstName_740,LastName_740,email_740@gmail.com,740,740,20-1-740
FirstName_741,LastName_741,email_741@gmail.com,741,741,20-1-741
FirstName_742,LastName_742,email_742@gmail.com,742,742,20-1-742
FirstName_743,LastName_743,email_743@gmail.com,743,743,20-1-743
FirstName_744,LastName_744,email_744@gmail.com,744,744,20-1-744
FirstName_745,LastName_745,email_745@gmail.com,745,745,20-1-745
FirstName_746,LastName_746,email_746@gmail.com,746,746,20-1-746
FirstName_747,LastName_747,email_747@gmail.com,747,747,20-1-747
FirstName_748,LastName_748,email_748@gmail.com,748,748,20-1-748
FirstName_749,LastName_749,email_749@gmail.com,749,749,20-1-749
FirstName_750,LastName_750,email_750@gmail.com,750,750,20-1-750
FirstName_751,LastName_751,email_751@gmail.com,751,751,20-1-751
FirstName_752,LastName_752,email_752@gmail.com,752,752,20-1-752
FirstName_753,LastName_753,email_753@gmail.com,753,753,20-1-753
FirstName_754,LastName_754,email_754@gmail.com,754,754,20-1-754
FirstName_755,LastName_755,email_755@gmail.com,755,755,20-1-755
FirstName_756,LastName_756,email_756@gmail.com,756,756,20-1-756
FirstName_757,LastName_757,email_757@gmail.com,757,757,20-1-757
FirstName_758,LastName_758,email_758@gmail.com,758,758,20-1-758
FirstName_759,LastName_759,email_759@gmail.com,759,759,20-1-759
FirstName_760,LastName_760,email_760@gmail.com,760,760,20-1-760
FirstName_761,LastName_761,email_761@gmail.com,761,761,20-1-761
FirstName_762,LastName_762,email_762@gmail.com,762,762,20-1-762
FirstName_763,LastName_763,email_763@gmail.com,763,763,20-1-763
FirstName_764,LastName_764,email_764@gmail.com,764,764,20-1-764
FirstName_765,LastName_765,email_765@gmail.com,765,765,20-1-765
FirstName_766,LastName_766,email_766@gmail.com,766,766,20-1-766
FirstName_767,LastName_767,email_767@gmail.com,767,767,20-1-767
FirstName_768,LastName_768,email_768@gmail.com,768,768,20-1-768
FirstName_769,LastName_769,email_769@gmail.com,769,769,20-1-769
FirstName_770,LastName_770,email_770@gmail.com,770,770,20-1-770
FirstName_771,LastName_771,email_771@gmail.com,771,771,20-1-771
FirstName_772,LastName_772,email_772@gmail.com,772,772,20-1-772
FirstName_773,LastName_773,email_773@gmail.com,773,773,20-1-773
FirstName_774,LastName_774,email_774@gmail.com,774,774,20-1-774
FirstName_775,LastName_775,email_775@gmail.com,775,775,20-1-775
FirstName_776,LastName_776,email_776@gmail.com,776,776,20-1-776
FirstName_777,LastName_777,email_777@gmail.com,777,777,20-1-777
FirstName_778,LastName_778,email_778@gmail.com,778,778,20-1-778
FirstName_779,LastName_779,email_779@gmail.com,779,779,20-1-779
FirstName_780,LastName_780,email_780@gmail.com,780,780,20-1-780
FirstName_781,LastName_781,email_781@gmail.com,781,781,20-1-781
FirstName_782,LastName_782,email_782@gmail.com,782,782,20-1-782
FirstName_783,LastName_783,email_783@gmail.com,783,783,20-1-783
FirstName_784,LastName_784,email_784@gmail.com,784,784,20-1-784
FirstName_785,LastName_785,email_785@gmail.com,785,785,20-1-785
FirstName_786,LastName_786,email_786@gmail.com,786,786,20-1-786
FirstName_787,LastName_787,email_787@gmail.com,787,787,20-1-787
FirstName_788,LastName_788,email_788@gmail.com,788,788,20-1-788
FirstName_789,LastName_789,email_789@gmail.com,789,789,20-1-789
FirstName_790,LastName_790,email_790@gmail.com,790,790,20-1-790
FirstName_791,LastName_791,email_791@gmail.com,791,791,20-1-791
FirstName_792,LastName_792,email_792@gmail.com,792,792,20-1-792
FirstName_793,LastName_793,email_793@gmail.com,793,793,20-1-793
FirstName_794,LastName_794,email_794@gmail.com,794,794,20-1-794
FirstName_795,LastName_795,email_795@gmail.com,795,795,20-1-795
FirstName_796,LastName_796,email_796@gmail.com,796,796,20-1-796
FirstName_797,LastName_797,email_797@gmail.com,797,797,20-1-797
FirstName_798,LastName_798,email_798@gmail.com,798,798,20-1-798
FirstName_799,LastName_799,email_799@gmail.com,799,799,20-1-799
FirstName_800,LastName_800,email_800@gmail.com,800,800,20-1-800
FirstName_801,LastName_801,email_801@gmail.com,801,801,20-1-801
FirstName_802,LastName_802,email_802@gmail.com,802,802,20-1-802
FirstName_803,LastName_803,email_803@gmail.com,803,803,20-1-803
FirstName_804,LastName_804,email_804@gmail.com,804,804,20-1-804
FirstName_805,LastName_805,email_805@gmail.com,805,805,20-1-805
FirstName_806,LastName_806,email_806@gmail.com,806,806,20-1-806
FirstName_807,LastName_807,email_807@gmail.com,807,807,20-1-807
FirstName_808,LastName_808,email_808@gmail.com,808,808,20-1-808
FirstName_809,LastName_809,email_809@gmail.com,809,809,20-1-809
FirstName_810,LastName_810,email_810@gmail.com,810,810,20-1-810
FirstName_811,LastName_811,email_811@gmail.com,811,811,20-1-811
FirstName_812,LastName_812,email_812@gmail.com,812,812,20-1-812
FirstName_813,LastName_813,email_813@gmail.com,813,813,20-1-813
FirstName_814,LastName_814,email_814@gmail.com,814,814,20-1-814
FirstName_815,LastName_815,email_815@gmail.com,815,815,20-1-815
FirstName_816,LastName_816,email_816@gmail.com,816,816,20-1-816
FirstName_817,LastName_817,email_817@gmail.com,817,817,20-1-817
FirstName_818,LastName_818,email_818@gmail.com,818,818,20-1-818
FirstName_819,LastName_819,email_819@gmail.com,819,819,20-1-819
FirstName_820,LastName_820,email_820@gmail.com,820,820,20-1-820
FirstName_821,LastName_821,email_821@gmail.com,821,821,20-1-821
FirstName_822,LastName_822,email_822@gmail.com,822,822,20-1-822
FirstName_823,LastName_823,email_823@gmail.com,823,823,20-1-823
FirstName_824,LastName_824,email_824@gmail.com,824,824,20-1-824
FirstName_825,LastName_825,email_825@gmail.com,825,825,20-1-825
FirstName_826,LastName_826,email_826@gmail.com,826,826,20-1-826
FirstName_827,LastName_827,email_827@gmail.com,827,827,20-1-827
FirstName_828,LastName_828,email_828@gmail.com,828,828,20-1-828
FirstName_829,LastName_829,email_829@gmail.com,829,829,20-1-829
FirstName_830,LastName_830,email_830@gmail.com,830,830,20-1-830
FirstName_831,LastName_831,email_831@gmail.com,831,831,20-1-831
FirstName_832,LastName_832,email_832@gmail.com,832,832,20-1-832
FirstName_833,LastName_833,email_833@gmail.com,833,833,20-1-833
FirstName_834,LastName_834,email_834@gmail.com,834,834,20-1-834
FirstName_835,LastName_835,email_835@gmail.com,835,835,20-1-835
FirstName_836,LastName_836,email_836@gmail.com,836,836,20-1-836
FirstName_837,LastName_837,email_837@gmail.com,837,837,20-1-837
FirstName_838,LastName_838,email_838@gmail.com,838,838,20-1-838
FirstName_839,LastName_839,email_839@gmail.com,839,839,20-1-839
FirstName_840,LastName_840,email_840@gmail.com,840,840,20-1-840
FirstName_841,LastName_841,email_841@gmail.com,841,841,20-1-841
FirstName_842,LastName_842,email_842@gmail.com,842,842,20-1-842
FirstName_843,LastName_843,email_843@gmail.com,843,843,20-1-843
FirstName_844,LastName_844,email_844@gmail.com,844,844,20-1-844
FirstName_845,LastName_845,email_845@gmail.com,845,845,20-1-845
FirstName_846,LastName_846,email_846@gmail.com,846,846,20-1-846
FirstName_847,LastName_847,email_847@gmail.com,847,847,20-1-847
FirstName_848,LastName_848,email_848@gmail.com,848,848,20-1-848
FirstName_849,LastName_849,email_849@gmail.com,849,849,20-1-849
FirstName_850,LastName_850,email_850@gmail.com,850,850,20-1-850
FirstName_851,LastName_851,email_851@gmail.com,851,851,20-1-851
FirstName_852,LastName_852,email_852@gmail.com,852,852,20-1-852
FirstName_853,LastName_853,email_853@gmail.com,853,853,20-1-853
FirstName_854,LastName_854,email_854@gmail.com,854,854,20-1-854
FirstName_855,LastName_855,email_855@gmail.com,855,855,20-1-855
FirstName_856,LastName_856,email_856@gmail.com,856,856,20-1-856
FirstName_857,LastName_857,email_857@gmail.com,857,857,20-1-857
FirstName_858,LastName_858,email_858@gmail.com,858,858,20-1-858
FirstName_859,LastName_859,email_859@gmail.com,859,859,20-1-859
FirstName_860,LastName_860,email_860@gmail.com,860,860,20-1-860
FirstName_861,LastName_861,email_861@gmail.com,861,861,20-1-861
FirstName_862,LastName_862,email_862@gmail.com,862,862,20-1-862
FirstName_863,LastName_863,email_863@gmail.com,863,863,20-1-863
FirstName_864,LastName_864,email_864@gmail.com,864,864,20-1-864
FirstName_865,LastName_865,email_865@gmail.com,865,865,20-1-865
FirstName_866,LastName_866,email_866@gmail.com,866,866,20-1-866
FirstName_867,LastName_867,email_867@gmail.com,867,867,20-1-867
FirstName_868,LastName_868,email_868@gmail.com,868,868,20-1-868
FirstName_869,LastName_869,email_869@gmail.com,869,869,20-1-869
FirstName_870,LastName_870,email_870@gmail.com,870,870,20-1-870
FirstName_871,LastName_871,email_871@gmail.com,871,871,20-1-871
FirstName_872,LastName_872,email_872@gmail.com,872,872,20-1-872
FirstName_873,LastName_873,email_873@gmail.com,873,873,20-1-873
FirstName_874,LastName_874,email_874@gmail.com,874,874,20-1-874
FirstName_875,LastName_875,email_875@gmail.com,875,875,20-1-875
FirstName_876,LastName_876,email_876@gmail.com,876,876,20-1-876
FirstName_877,LastName_877,email_877@gmail.com,877,877,20-1-877
FirstName_878,LastName_878,email_878@gmail.com,878,878,20-1-878
FirstName_879,LastName_879,email_879@gmail.com,879,879,20-1-879
FirstName_880,LastName_880,email_880@gmail.com,880,880,20-1-880
FirstName_881,LastName_881,email_881@gmail.com,881,881,20-1-881
FirstName_882,LastName_882,email_882@gmail.com,882,882,20-1-882
FirstName_883,LastName_883,email_883@gmail.com,883,883,20-1-883
FirstName_884,LastName_884,email_884@gmail.com,884,884,20-1-884
FirstName_885,LastName_885,email_885@gmail.com,885,885,20-1-885
FirstName_886,LastName_886,email_886@gmail.com,886,886,20-1-886
FirstName_887,LastName_887,email_887@gmail.com,887,887,20-1-887
FirstName_888,LastName_888,email_888@gmail.com,888,888,20-1-888
FirstName_889,LastName_889,email_889@gmail.com,889,889,20-1-889
FirstName_890,LastName_890,email_890@gmail.com,890,890,20-1-890
FirstName_891,LastName_891,email_891@gmail.com,891,891,20-1-891
FirstName_892,LastName_892,email_892@gmail.com,892,892,20-1-892
FirstName_893,LastName_893,email_893@gmail.com,893,893,20-1-893
FirstName_894,LastName_894,email_894@gmail.com,894,894,20-1-894
FirstName_895,LastName_895,email_895@gmail.com,895,895,20-1-895
FirstName_896,LastName_896,email_896@gmail.com,896,896,20-1-896
FirstName_897,LastName_897,email_897@gmail.com,897,897,20-1-897
FirstName_898,LastName_898,email_898@gmail.com,898,898,20-1-898
FirstName_899,LastName_899,email_899@gmail.com,899,899,20-1-899
FirstName_900,LastName_900,email_900@gmail.com,900,900,20-1-900
FirstName_901,LastName_901,email_901@gmail.com,901,901,20-1-901
FirstName_902,LastName_902,email_902@gmail.com,902,902,20-1-902
FirstName_903,LastName_903,email_903@gmail.com,903,903,20-1-903
FirstName_904,LastName_904,email_904@gmail.com,904,904,20-1-904
FirstName_905,LastName_905,email_905@gmail.com,905,905,20-1-905
FirstName_906,LastName_906,email_906@gmail.com,906,906,20-1-906
FirstName_907,LastName_907,email_907@gmail.com,907,907,20-1-907
FirstName_908,LastName_908,email_908@gmail.com,908,908,20-1-908
FirstName_909,LastName_909,email_909@gmail.com,909,909,20-1-909
FirstName_910,LastName_910,email_910@gmail.com,910,910,20-1-910
FirstName_911,LastName_911,email_911@gmail.com,911,911,20-1-911
FirstName_912,LastName_912,email_912@gmail.com,912,912,20-1-912
FirstName_913,LastName_913,email_913@gmail.com,913,913,20-1-913
FirstName_914,LastName_914,email_914@gmail.com,914,914,20-1-914
FirstName_915,LastName_915,email_915@gmail.com,915,915,20-1-915
FirstName_916,LastName_916,email_916@gmail.com,916,916,20-1-916
FirstName_917,LastName_917,email_917@gmail.com,917,917,20-1-917
FirstName_918,LastName_918,email_918@gmail.com,918,918,20-1-918
FirstName_919,LastName_919,email_919@gmail.com,919,919,20-1-919
FirstName_920,LastName_920,email_920@gmail.com,920,920,20-1-920
FirstName_921,LastName_921,email_921@gmail.com,921,921,20-1-921
FirstName_922,LastName_922,email_922@gmail.com,922,922,20-1-922
FirstName_923,LastName_923,email_923@gmail.com,923,923,20-1-923
FirstName_924,LastName_924,email_924@gmail.com,924,924,20-1-924
FirstName_925,LastName_925,email_925@gmail.com,925,925,20-1-925
FirstName_926,LastName_926,email_926@gmail.com,926,926,20-1-926
FirstName_927,LastName_927,email_927@gmail.com,927,927,20-1-927
FirstName_928,LastName_928,email_928@gmail.com,928,928,20-1-928
FirstName_929,LastName_929,email_929@gmail.com,929,929,20-1-929
FirstName_930,LastName_930,email_930@gmail.com,930,930,20-1-930
FirstName_931,LastName_931,email_931@gmail.com,931,931,20-1-931
FirstName_932,LastName_932,email_932@gmail.com,932,932,20-1-932
FirstName_933,LastName_933,email_933@gmail.com,933,933,20-1-933
FirstName_934,LastName_934,email_934@gmail.com,934,934,20-1-934
FirstName_935,LastName_935,email_935@gmail.com,935,935,20-1-935
FirstName_936,LastName_936,email_936@gmail.com,936,936,20-1-936
FirstName_937,LastName_937,email_937@gmail.com,937,937,20-1-937
FirstName_938,LastName_938,email_938@gmail.com,938,938,20-1-938
FirstName_939,LastName_939,email_939@gmail.com,939,939,20-1-939
FirstName_940,LastName_940,email_940@gmail.com,940,940,20-1-940
FirstName_941,LastName_941,email_941@gmail.com,941,941,20-1-941
FirstName_942,LastName_942,email_942@gmail.com,942,942,20-1-942
FirstName_943,LastName_943,email_943@gmail.com,943,943,20-1-943
FirstName_944,LastName_944,email_944@gmail.com,944,944,20-1-944
FirstName_945,LastName_945,email_945@gmail.com,945,945,20-1-945
FirstName_946,LastName_946,email_946@gmail.com,946,946,20-1-946
FirstName_947,LastName_947,email_947@gmail.com,947,947,20-1-947
FirstName_948,LastName_948,email_948@gmail.com,948,948,20-1-948
FirstName_949,LastName_949,email_949@gmail.com,949,949,20-1-949
FirstName_950,LastName_950,email_950@gmail.com,950,950,20-1-950
FirstName_951,LastName_951,email_951@gmail.com,951,951,20-1-951
FirstName_952,LastName_952,email_952@gmail.com,952,952,20-1-952
FirstName_953,LastName_953,email_953@gmail.com,953,953,20-1-953
FirstName_954,LastName_954,email_954@gmail.com,954,954,20-1-954
FirstName_955,LastName_955,email_955@gmail.com,955,955,20-1-955
FirstName_956,LastName_956,email_956@gmail.com,956,956,20-1-956
FirstName_957,LastName_957,email_957@gmail.com,957,957,20-1-957
FirstName_958,LastName_958,email_958@gmail.com,958,958,20-1-958
FirstName_959,LastName_959,email_959@gmail.com,959,959,20-1-959
FirstName_960,LastName_960,email_960@gmail.com,960,960,20-1-960
FirstName_961,LastName_961,email_961@gmail.com,961,961,20-1-961
FirstName_962,LastName_962,email_962@gmail.com,962,962,20-1-962
FirstName_963,LastName_963,email_963@gmail.com,963,963,20-1-963
FirstName_964,LastName_964,email_964@gmail.com,964,964,20-1-964
FirstName_965,LastName_965,email_965@gmail.com,965,965,20-1-965
FirstName_966,LastName_966,email_966@gmail.com,966,966,20-1-966
FirstName_967,LastName_967,email_967@gmail.com,967,967,20-1-967
FirstName_968,LastName_968,email_968@gmail.com,968,968,20-1-968
FirstName_969,LastName_969,email_969@gmail.com,969,969,20-1-969
FirstName_970,LastName_970,email_970@gmail.com,970,970,20-1-970
FirstName_971,LastName_971,email_971@gmail.com,971,971,20-1-971
FirstName_972,LastName_972,email_972@gmail.com,972,972,20-1-972
FirstName_973,LastName_973,email_973@gmail.com,973,973,20-1-973
FirstName_974,LastName_974,email_974@gmail.com,974,974,20-1-974
FirstName_975,LastName_975,email_975@gmail.com,975,975,20-1-975
FirstName_976,LastName_976,email_976@gmail.com,976,976,20-1-976
FirstName_977,LastName_977,email_977@gmail.com,977,977,20-1-977
FirstName_978,LastName_978,email_978@gmail.com,978,978,20-1-978
FirstName_979,LastName_979,email_979@gmail.com,979,979,20-1-979
FirstName_980,LastName_980,email_980@gmail.com,980,980,20-1-980
FirstName_981,LastName_981,email_981@gmail.com,981,981,20-1-981
FirstName_982,LastName_982,email_982@gmail.com,982,982,20-1-982
FirstName_983,LastName_983,email_983@gmail.com,983,983,20-1-983
FirstName_984,LastName_984,email_984@gmail.com,984,984,20-1-984
FirstName_985,LastName_985,email_985@gmail.com,985,985,20-1-985
FirstName_986,LastName_986,email_986@gmail.com,986,986,20-1-986
FirstName_987,LastName_987,email_987@gmail.com,987,987,20-1-987
FirstName_988,LastName_988,email_988@gmail.com,988,988,20-1-988
FirstName_989,LastName_989,email_989@gmail.com,989,989,20-1-989
FirstName_990,LastName_990,email_990@gmail.com,990,990,20-1-990
FirstName_991,LastName_991,email_991@gmail.com,991,991,20-1-991
FirstName_992,LastName_992,email_992@gmail.com,992,992,20-1-992
FirstName_993,LastName_993,email_993@gmail.com,993,993,20-1-993
FirstName_994,LastName_994,email_994@gmail.com,994,994,20-1-994
FirstName_995,LastName_995,email_995@gmail.com,995,995,20-1-995
FirstName_996,LastName_996,email_996@gmail.com,996,996,20-1-996
FirstName_997,LastName_997,email_997@gmail.com,997,997,20-1-997
FirstName_998,LastName_998,email_998@gmail.com,998,998,20-1-998
FirstName_999,LastName_999,email_999@gmail.com,999,999,20-1-999
,,,,,
Process finished with exit code 0,Process finished with exit code 0,Process finished with exit code 0,Process finished with exit code 0,Process finished with exit code 0,Process finished with exit code 0